{
  "Total" : {
    "transaction" : "Total",
    "sampleCount" : 193,
    "errorCount" : 0,
    "errorPct" : 0.0,
    "meanResTime" : 18.42487046632125,
    "medianResTime" : 15.0,
    "minResTime" : 11.0,
    "maxResTime" : 257.0,
    "pct1ResTime" : 20.0,
    "pct2ResTime" : 24.0,
    "pct3ResTime" : 246.66000000000003,
    "throughput" : 0.5396337201174333,
    "receivedKBytesPerSec" : 0.5422549979029778,
    "sentKBytesPerSec" : 0.35782353121068083
  },
  "exapmle.com_GET" : {
    "transaction" : "exapmle.com_GET",
    "sampleCount" : 193,
    "errorCount" : 0,
    "errorPct" : 0.0,
    "meanResTime" : 18.42487046632125,
    "medianResTime" : 15.0,
    "minResTime" : 11.0,
    "maxResTime" : 257.0,
    "pct1ResTime" : 20.0,
    "pct2ResTime" : 24.0,
    "pct3ResTime" : 246.66000000000003,
    "throughput" : 0.5396337201174333,
    "receivedKBytesPerSec" : 0.5422549979029778,
    "sentKBytesPerSec" : 0.35782353121068083
  }
}