{
  "Total" : {
    "transaction" : "Total",
    "sampleCount" : 196,
    "errorCount" : 0,
    "errorPct" : 0.0,
    "meanResTime" : 68.35204081632654,
    "medianResTime" : 67.0,
    "minResTime" : 62.0,
    "maxResTime" : 297.0,
    "pct1ResTime" : 71.0,
    "pct2ResTime" : 72.14999999999998,
    "pct3ResTime" : 119.49000000000021,
    "throughput" : 0.5444973816898865,
    "receivedKBytesPerSec" : 0.5436753616671066,
    "sentKBytesPerSec" : 0.3610485568041338
  },
  "exapmle.com_GET" : {
    "transaction" : "exapmle.com_GET",
    "sampleCount" : 196,
    "errorCount" : 0,
    "errorPct" : 0.0,
    "meanResTime" : 68.35204081632654,
    "medianResTime" : 67.0,
    "minResTime" : 62.0,
    "maxResTime" : 297.0,
    "pct1ResTime" : 71.0,
    "pct2ResTime" : 72.14999999999998,
    "pct3ResTime" : 119.49000000000021,
    "throughput" : 0.5444973816898865,
    "receivedKBytesPerSec" : 0.5436753616671066,
    "sentKBytesPerSec" : 0.3610485568041338
  }
}