{
  "Total" : {
    "transaction" : "Total",
    "sampleCount" : 191,
    "errorCount" : 0,
    "errorPct" : 0.0,
    "meanResTime" : 26.376963350785346,
    "medianResTime" : 24.0,
    "minResTime" : 21.0,
    "maxResTime" : 246.0,
    "pct1ResTime" : 29.80000000000001,
    "pct2ResTime" : 33.0,
    "pct3ResTime" : 107.99999999999761,
    "throughput" : 0.5325259013907012,
    "receivedKBytesPerSec" : 0.5312652691695384,
    "sentKBytesPerSec" : 0.3531104365666856
  },
  "exapmle.com_GET" : {
    "transaction" : "exapmle.com_GET",
    "sampleCount" : 191,
    "errorCount" : 0,
    "errorPct" : 0.0,
    "meanResTime" : 26.376963350785346,
    "medianResTime" : 24.0,
    "minResTime" : 21.0,
    "maxResTime" : 246.0,
    "pct1ResTime" : 29.80000000000001,
    "pct2ResTime" : 33.0,
    "pct3ResTime" : 107.99999999999761,
    "throughput" : 0.5325259013907012,
    "receivedKBytesPerSec" : 0.5312652691695384,
    "sentKBytesPerSec" : 0.3531104365666856
  }
}